EnumKey#,PianoKey#,Direction,X,Y,Z,Timestamp
1,1,5,1.750000,0.000000,0.351470,2026-08-23 13:29:31
3,4,5,5.150000,0.000000,0.354462,2026-08-23 13:29:34
5,8,5,8.550000,0.000000,0.360446,2026-08-23 13:29:37
7,11,5,11.950000,0.000000,0.359974,2026-08-23 13:29:40
9,15,5,15.350000,0.000000,0.356352,2026-08-23 13:29:43
11,18,5,18.750000,0.000000,0.358990,2026-08-23 13:29:46
13,21,5,22.150000,0.000000,0.355249,2026-08-23 13:29:49
15,25,5,25.550000,0.000000,0.355564,2026-08-23 13:29:52
17,28,5,28.950000,0.000000,0.361430,2026-08-23 13:29:56
19,32,5,32.350000,0.000000,0.360643,2026-08-23 13:29:59
21,35,5,35.750000,0.000000,0.362336,2026-08-23 13:30:02
23,39,5,39.150000,0.000000,0.357808,2026-08-23 13:30:05
25,42,5,42.550000,0.000000,0.359383,2026-08-23 13:30:08
1,1,3,1.750000,-1.187555,0.208008,2026-08-23 13:30:20
3,4,3,5.150000,-1.186596,0.208008,2026-08-23 13:30:23
5,8,3,8.550000,-1.184233,0.208008,2026-08-23 13:30:26
7,11,3,11.950000,-1.199366,0.208008,2026-08-23 13:30:29
9,15,3,15.350000,-1.185341,0.208008,2026-08-23 13:30:32
11,18,3,18.750000,-1.186300,0.208008,2026-08-23 13:30:36
13,21,3,22.150000,-1.188810,0.208008,2026-08-23 13:30:39
15,25,3,25.550000,-1.186669,0.208008,2026-08-23 13:30:42
17,28,3,28.950000,-1.188589,0.208008,2026-08-23 13:30:45
19,32,3,32.350000,-1.188146,0.208008,2026-08-23 13:30:48
21,35,3,35.750000,-1.189770,0.208008,2026-08-23 13:30:51
23,39,3,39.150000,-1.189548,0.208008,2026-08-23 13:30:54
25,42,3,42.550000,-1.199957,0.208008,2026-08-23 13:30:57
1,1,1,1.310034,-0.950000,0.208008,2026-08-23 13:31:10
1,1,1,1.272387,-0.350000,0.208008,2026-08-23 13:31:12
1,1,1,1.271353,0.250000,0.208008,2026-08-23 13:31:15
1,1,1,1.271206,1.100000,0.208008,2026-08-23 13:31:17
1,1,1,1.272239,2.750000,0.208008,2026-08-23 13:31:20
1,1,1,1.266260,4.250000,0.208008,2026-08-23 13:31:23
1,1,1,1.314168,-1.050000,0.208008,2026-08-23 13:31:29
1,1,1,1.296895,-0.650000,0.208008,2026-08-23 13:31:31
1,1,1,1.271722,-0.050000,0.208008,2026-08-23 13:31:33
1,1,1,1.271649,0.350000,0.208008,2026-08-23 13:31:36
1,1,2,2.177072,-0.950000,0.208008,2026-08-23 13:31:40
1,1,2,2.176113,-0.350000,0.208008,2026-08-23 13:31:43
1,1,2,2.178770,0.250000,0.208008,2026-08-23 13:31:45
1,1,2,2.037776,1.100000,0.208008,2026-08-23 13:31:48
1,1,2,2.020576,2.750000,0.208008,2026-08-23 13:31:51
1,1,2,2.021019,4.250000,0.208008,2026-08-23 13:31:55
2,3,1,3.025511,-0.950000,0.208008,2026-08-23 13:31:59
2,3,1,2.974133,-0.350000,0.208008,2026-08-23 13:32:01
2,3,1,2.973100,0.250000,0.208008,2026-08-23 13:32:03
2,3,1,3.352898,1.100000,0.208008,2026-08-23 13:32:07
2,3,1,3.335551,2.750000,0.208008,2026-08-23 13:32:10
2,3,1,3.321673,4.250000,0.208008,2026-08-23 13:32:14
2,3,1,3.032081,-1.050000,0.208008,2026-08-23 13:32:19
2,3,1,3.012667,-0.650000,0.208008,2026-08-23 13:32:22
2,3,1,2.974576,-0.050000,0.208008,2026-08-23 13:32:24
2,3,1,2.973764,0.350000,0.208008,2026-08-23 13:32:27
2,3,2,3.821904,-0.950000,0.208008,2026-08-23 13:32:31
2,3,2,3.819026,-0.350000,0.208008,2026-08-23 13:32:34
2,3,2,3.814375,0.250000,0.208008,2026-08-23 13:32:36
2,3,2,3.807362,1.100000,0.208008,2026-08-23 13:32:39
2,3,2,3.801014,2.750000,0.208008,2026-08-23 13:32:42
2,3,2,3.788686,4.250000,0.208008,2026-08-23 13:32:46
3,4,1,4.766972,-0.950000,0.208008,2026-08-23 13:32:49
3,4,1,4.674773,-0.350000,0.208008,2026-08-23 13:32:52
3,4,1,4.678685,0.250000,0.208008,2026-08-23 13:32:54
3,4,1,4.682524,1.100000,0.208008,2026-08-23 13:32:57
3,4,1,4.684443,2.750000,0.208008,2026-08-23 13:33:00
3,4,1,4.688355,4.250000,0.208008,2026-08-23 13:33:03
3,4,1,4.773395,-1.050000,0.208008,2026-08-23 13:33:09
3,4,1,4.750289,-0.650000,0.208008,2026-08-23 13:33:11
3,4,1,4.678390,-0.050000,0.208008,2026-08-23 13:33:14
3,4,1,4.678242,0.350000,0.208008,2026-08-23 13:33:16
3,4,2,5.508149,-0.950000,0.208008,2026-08-23 13:33:20
3,4,2,5.514276,-0.350000,0.208008,2026-08-23 13:33:23
3,4,2,5.516786,0.250000,0.208008,2026-08-23 13:33:26
3,4,2,5.183272,1.100000,0.208008,2026-08-23 13:33:29
3,4,2,5.180246,2.750000,0.208008,2026-08-23 13:33:33
3,4,2,5.179065,4.250000,0.208008,2026-08-23 13:33:37
4,6,1,6.387002,-0.950000,0.208008,2026-08-23 13:33:40
4,6,1,6.380506,-0.350000,0.208008,2026-08-23 13:33:43
4,6,1,6.378660,0.250000,0.208008,2026-08-23 13:33:45
4,6,1,6.572804,1.100000,0.208008,2026-08-23 13:33:48
4,6,1,6.566972,2.750000,0.208008,2026-08-23 13:33:52
4,6,1,6.579078,4.250000,0.208008,2026-08-23 13:33:55
4,6,2,7.233665,-0.950000,0.208008,2026-08-23 13:34:00
4,6,2,7.233444,-0.350000,0.208008,2026-08-23 13:34:03
4,6,2,7.236618,0.250000,0.208008,2026-08-23 13:34:05
4,6,2,7.069861,1.100000,0.208008,2026-08-23 13:34:08
4,6,2,7.064251,2.750000,0.208008,2026-08-23 13:34:12
4,6,2,7.066909,4.250000,0.208008,2026-08-23 13:34:15
5,8,1,8.186780,-0.950000,0.208008,2026-08-23 13:34:19
5,8,1,8.082547,-0.350000,0.208008,2026-08-23 13:34:22
5,8,1,8.078266,0.250000,0.208008,2026-08-23 13:34:24
5,8,1,8.456440,1.100000,0.208008,2026-08-23 13:34:27
5,8,1,8.441233,2.750000,0.208008,2026-08-23 13:34:31
5,8,1,8.447951,4.250000,0.208008,2026-08-23 13:34:35
5,8,1,8.190102,-1.050000,0.208008,2026-08-23 13:34:40
5,8,1,8.149132,-0.650000,0.208008,2026-08-23 13:34:43
5,8,1,8.083138,-0.050000,0.208008,2026-08-23 13:34:45
5,8,1,8.078266,0.350000,0.208008,2026-08-23 13:34:47
5,8,1,8.456588,0.950000,0.208008,2026-08-23 13:34:51
5,8,1,8.449353,1.950000,0.208008,2026-08-23 13:34:54
5,8,1,8.435623,3.550000,0.208008,2026-08-23 13:34:58
5,8,1,8.451642,4.350000,0.208008,2026-08-23 13:35:01
5,8,2,8.954457,-0.950000,0.208008,2026-08-23 13:35:06
5,8,2,8.949290,-0.350000,0.208008,2026-08-23 13:35:08
5,8,2,8.950914,0.250000,0.208008,2026-08-23 13:35:11
5,8,2,8.948847,1.100000,0.208008,2026-08-23 13:35:14
5,8,2,8.946485,2.750000,0.208008,2026-08-23 13:35:17
5,8,2,8.939694,4.250000,0.208008,2026-08-23 13:35:20
6,9,1,9.822311,-0.950000,0.208008,2026-08-23 13:35:24
6,9,1,9.776765,-0.350000,0.208008,2026-08-23 13:35:26
6,9,1,9.775731,0.250000,0.208008,2026-08-23 13:35:29
6,9,1,9.777503,1.100000,0.208008,2026-08-23 13:35:31
6,9,1,9.777060,2.750000,0.208008,2026-08-23 13:35:34
6,9,1,9.776986,4.250000,0.208008,2026-08-23 13:35:37
6,9,1,9.818546,-1.050000,0.208008,2026-08-23 13:35:43
6,9,1,9.833900,-0.650000,0.208008,2026-08-23 13:35:45
6,9,1,9.775436,-0.050000,0.208008,2026-08-23 13:35:48
6,9,1,9.774698,0.350000,0.208008,2026-08-23 13:35:50
6,9,2,10.629408,-0.950000,0.208008,2026-08-23 13:35:54
6,9,2,10.634870,-0.350000,0.208008,2026-08-23 13:35:57
6,9,2,10.639964,0.250000,0.208008,2026-08-23 13:35:59
6,9,2,10.255072,1.100000,0.208008,2026-08-23 13:36:03
6,9,2,10.257730,2.750000,0.208008,2026-08-23 13:36:07
6,9,2,10.255146,4.250000,0.208008,2026-08-23 13:36:11
7,11,1,11.514978,-0.950000,0.208008,2026-08-23 13:36:14
7,11,1,11.480947,-0.350000,0.208008,2026-08-23 13:36:17
7,11,1,11.481464,0.250000,0.208008,2026-08-23 13:36:19
7,11,1,11.615740,1.100000,0.208008,2026-08-23 13:36:22
7,11,1,11.612123,2.750000,0.208008,2026-08-23 13:36:25
7,11,1,11.615224,4.250000,0.208008,2026-08-23 13:36:29
7,11,1,11.517118,-1.050000,0.208008,2026-08-23 13:36:34
7,11,1,11.512246,-0.650000,0.208008,2026-08-23 13:36:36
7,11,1,11.479692,-0.050000,0.208008,2026-08-23 13:36:39
7,11,1,11.481242,0.350000,0.208008,2026-08-23 13:36:41
7,11,2,12.331228,-0.950000,0.208008,2026-08-23 13:36:46
7,11,2,12.331007,-0.350000,0.208008,2026-08-23 13:36:48
7,11,2,12.335288,0.250000,0.208008,2026-08-23 13:36:51
7,11,2,12.082459,1.100000,0.208008,2026-08-23 13:36:54
7,11,2,12.080761,2.750000,0.208008,2026-08-23 13:36:58
7,11,2,12.080392,4.250000,0.208008,2026-08-23 13:37:01
8,13,1,13.203289,-0.950000,0.208008,2026-08-23 13:37:05
8,13,1,13.180553,-0.350000,0.208008,2026-08-23 13:37:07
8,13,1,13.179446,0.250000,0.208008,2026-08-23 13:37:10
8,13,1,13.444898,1.100000,0.208008,2026-08-23 13:37:13
8,13,1,13.435154,2.750000,0.208008,2026-08-23 13:37:17
8,13,1,13.439436,4.250000,0.208008,2026-08-23 13:37:20
8,13,1,13.209195,-1.050000,0.208008,2026-08-23 13:38:28
8,13,1,13.203363,-0.650000,0.208008,2026-08-23 13:38:47
8,13,1,13.180701,-0.050000,0.208008,2026-08-23 13:38:50
8,13,1,13.179667,0.350000,0.208008,2026-08-23 13:38:52
8,13,2,14.038880,-0.950000,0.208008,2026-08-23 13:38:57
8,13,2,14.038880,-0.350000,0.208008,2026-08-23 13:38:59
8,13,2,14.042940,0.250000,0.208008,2026-08-23 13:39:02
8,13,2,13.911174,1.100000,0.208008,2026-08-23 13:39:05
8,13,2,13.900396,2.750000,0.208008,2026-08-23 13:39:08
8,13,2,13.898551,4.250000,0.208008,2026-08-23 13:39:12
9,15,1,14.908727,-0.950000,0.208008,2026-08-23 13:39:15
9,15,1,14.880897,-0.350000,0.208008,2026-08-23 13:39:18
9,15,1,14.880602,0.250000,0.208008,2026-08-23 13:39:20
9,15,1,15.278781,1.100000,0.208008,2026-08-23 13:39:24
9,15,1,15.269701,2.750000,0.208008,2026-08-23 13:39:27
9,15,1,15.268225,4.250000,0.208008,2026-08-23 13:39:31
9,15,1,14.906143,-1.050000,0.208008,2026-08-23 13:39:36
9,15,1,14.916699,-0.650000,0.208008,2026-08-23 13:39:39
9,15,1,14.881414,-0.050000,0.208008,2026-08-23 13:39:41
9,15,1,14.880159,0.350000,0.208008,2026-08-23 13:39:44
9,15,2,15.722984,-0.950000,0.208008,2026-08-23 13:39:48
9,15,2,15.726380,-0.350000,0.208008,2026-08-23 13:39:51
9,15,2,15.728521,0.250000,0.208008,2026-08-23 13:39:53
9,15,2,15.726675,1.100000,0.208008,2026-08-23 13:39:56
9,15,2,15.727930,2.750000,0.208008,2026-08-23 13:39:59
9,15,2,15.723649,4.250000,0.208008,2026-08-23 13:40:02
10,16,1,16.644061,-0.950000,0.208008,2026-08-23 13:40:06
10,16,1,16.594750,-0.350000,0.208008,2026-08-23 13:40:09
10,16,1,16.595636,0.250000,0.208008,2026-08-23 13:40:11
10,16,1,16.598367,1.100000,0.208008,2026-08-23 13:40:14
10,16,1,16.598589,2.750000,0.208008,2026-08-23 13:40:17
10,16,1,16.599327,4.250000,0.208008,2026-08-23 13:40:20
10,16,1,16.646128,-1.050000,0.208008,2026-08-23 13:40:25
10,16,1,16.620439,-0.650000,0.208008,2026-08-23 13:40:28
10,16,1,16.596300,-0.050000,0.208008,2026-08-23 13:40:30
10,16,1,16.596153,0.350000,0.208008,2026-08-23 13:40:33
10,16,2,17.448870,-0.950000,0.208008,2026-08-23 13:40:37
10,16,2,17.449977,-0.350000,0.208008,2026-08-23 13:40:40
10,16,2,17.457359,0.250000,0.208008,2026-08-23 13:40:42
10,16,2,17.100666,1.100000,0.208008,2026-08-23 13:40:45
10,16,2,17.108269,2.750000,0.208008,2026-08-23 13:40:49
10,16,2,17.118161,4.250000,0.208008,2026-08-23 13:40:53
11,18,1,18.343741,-0.950000,0.208008,2026-08-23 13:40:57
11,18,1,18.277894,-0.350000,0.208008,2026-08-23 13:40:59
11,18,1,18.278263,0.250000,0.208008,2026-08-23 13:41:02
11,18,1,18.449892,1.100000,0.208008,2026-08-23 13:41:05
11,18,1,18.441551,2.750000,0.208008,2026-08-23 13:41:08
11,18,1,18.445685,4.250000,0.208008,2026-08-23 13:41:11
11,18,1,18.350606,-1.050000,0.208008,2026-08-23 13:41:17
11,18,1,18.307496,-0.650000,0.208008,2026-08-23 13:41:19
11,18,1,18.276861,-0.050000,0.208008,2026-08-23 13:41:21
11,18,1,18.278411,0.350000,0.208008,2026-08-23 13:41:24
11,18,2,19.138805,-0.950000,0.208008,2026-08-23 13:41:28
11,18,2,19.141389,-0.350000,0.208008,2026-08-23 13:41:31
11,18,2,19.144932,0.250000,0.208008,2026-08-23 13:41:33
11,18,2,18.958761,1.100000,0.208008,2026-08-23 13:41:36
11,18,2,18.947467,2.750000,0.208008,2026-08-23 13:41:40
11,18,2,18.950346,4.250000,0.208008,2026-08-23 13:41:43
12,20,1,20.034488,-0.950000,0.208008,2026-08-23 13:41:47
12,20,1,19.976467,-0.350000,0.208008,2026-08-23 13:41:50
12,20,1,19.978091,0.250000,0.208008,2026-08-23 13:41:52
12,20,1,20.358849,1.100000,0.208008,2026-08-23 13:41:55
12,20,1,20.349031,2.750000,0.208008,2026-08-23 13:41:59
12,20,1,20.346004,4.250000,0.208008,2026-08-23 13:42:03
12,20,1,20.049252,-1.050000,0.208008,2026-08-23 13:42:08
12,20,1,20.002303,-0.650000,0.208008,2026-08-23 13:42:10
12,20,1,19.978386,-0.050000,0.208008,2026-08-23 13:42:13
12,20,1,19.979346,0.350000,0.208008,2026-08-23 13:42:15
12,20,2,20.847343,-0.950000,0.208008,2026-08-23 13:42:20
12,20,2,20.845350,-0.350000,0.208008,2026-08-23 13:42:22
12,20,2,20.847122,0.250000,0.208008,2026-08-23 13:42:25
12,20,2,20.844760,1.100000,0.208008,2026-08-23 13:42:27
12,20,2,20.846088,2.750000,0.208008,2026-08-23 13:42:31
12,20,2,20.844907,4.250000,0.208008,2026-08-23 13:42:34
13,21,1,21.719847,-0.950000,0.208008,2026-08-23 13:42:38
13,21,1,21.681019,-0.350000,0.208008,2026-08-23 13:42:40
13,21,1,21.678287,0.250000,0.208008,2026-08-23 13:42:42
13,21,1,21.678140,1.100000,0.208008,2026-08-23 13:42:45
13,21,1,21.673858,2.750000,0.208008,2026-08-23 13:42:48
13,21,1,21.669650,4.250000,0.208008,2026-08-23 13:42:51
13,21,1,21.727598,-1.050000,0.208008,2026-08-23 13:42:56
13,21,1,21.697332,-0.650000,0.208008,2026-08-23 13:42:59
13,21,1,21.680354,-0.050000,0.208008,2026-08-23 13:43:01
13,21,1,21.678730,0.350000,0.208008,2026-08-23 13:43:04
13,21,2,22.534326,-0.950000,0.208008,2026-08-23 13:43:08
13,21,2,22.537722,-0.350000,0.208008,2026-08-23 13:43:11
13,21,2,22.543553,0.250000,0.208008,2026-08-23 13:43:13
13,21,2,22.159105,1.100000,0.208008,2026-08-23 13:43:17
13,21,2,22.154971,2.750000,0.208008,2026-08-23 13:43:21
13,21,2,22.152018,4.250000,0.208008,2026-08-23 13:43:24
14,23,1,23.478508,-0.950000,0.208008,2026-08-23 13:43:28
14,23,1,23.378557,-0.350000,0.208008,2026-08-23 13:43:31
14,23,1,23.399301,0.250000,0.208008,2026-08-23 13:43:33
14,23,1,23.520142,1.100000,0.208008,2026-08-23 13:43:36
14,23,1,23.509143,2.750000,0.208008,2026-08-23 13:43:39
14,23,1,23.505821,4.250000,0.208008,2026-08-23 13:43:42
14,23,1,23.491057,-1.050000,0.208008,2026-08-23 13:43:48
14,23,1,23.440565,-0.650000,0.208008,2026-08-23 13:43:50
14,23,1,23.378188,-0.050000,0.208008,2026-08-23 13:43:53
14,23,1,23.427942,0.350000,0.208008,2026-08-23 13:43:55
14,23,2,24.190379,-0.950000,0.208008,2026-08-23 13:44:00
14,23,2,24.244340,-0.350000,0.208008,2026-08-23 13:44:02
14,23,2,24.245521,0.250000,0.208008,2026-08-23 13:44:05
14,23,2,23.981693,1.100000,0.208008,2026-08-23 13:44:08
14,23,2,23.967150,2.750000,0.208008,2026-08-23 13:44:12
14,23,2,23.953494,4.250000,0.208008,2026-08-23 13:44:15
14,23,2,24.184252,-1.050000,0.208008,2026-08-23 13:44:21
14,23,2,24.205585,-0.650000,0.208008,2026-08-23 13:44:23
14,23,2,24.240649,-0.050000,0.208008,2026-08-23 13:44:26
14,23,2,24.242790,0.350000,0.208008,2026-08-23 13:44:29
15,25,1,25.188153,-0.950000,0.208008,2026-08-23 13:44:31
15,25,1,25.076096,-0.350000,0.208008,2026-08-23 13:44:34
15,25,1,25.103188,0.250000,0.208008,2026-08-23 13:44:36
15,25,1,25.347381,1.100000,0.208008,2026-08-23 13:44:39
15,25,1,25.348340,2.750000,0.208008,2026-08-23 13:44:43
15,25,1,25.361997,4.250000,0.208008,2026-08-23 13:44:46
15,25,1,25.194797,-1.050000,0.208008,2026-08-23 13:44:52
15,25,1,25.157519,-0.650000,0.208008,2026-08-23 13:44:54
15,25,1,25.077056,-0.050000,0.208008,2026-08-23 13:44:57
15,25,1,25.125629,0.350000,0.208008,2026-08-23 13:44:59
15,25,2,25.942322,-0.950000,0.208008,2026-08-23 13:45:04
15,25,2,25.942913,-0.350000,0.208008,2026-08-23 13:45:06
15,25,2,25.945866,0.250000,0.208008,2026-08-23 13:45:09
15,25,2,25.819119,1.100000,0.208008,2026-08-23 13:45:12
15,25,2,25.817052,2.750000,0.208008,2026-08-23 13:45:15
15,25,2,25.815944,4.250000,0.208008,2026-08-23 13:45:18
16,27,1,26.882666,-0.950000,0.208008,2026-08-23 13:45:22
16,27,1,26.775186,-0.350000,0.208008,2026-08-23 13:45:25
16,27,1,26.774743,0.250000,0.208008,2026-08-23 13:45:27
16,27,1,27.170707,1.100000,0.208008,2026-08-23 13:45:31
16,27,1,27.157567,2.750000,0.208008,2026-08-23 13:45:34
16,27,1,27.161627,4.250000,0.208008,2026-08-23 13:45:38
16,27,1,26.891007,-1.050000,0.208008,2026-08-23 13:45:43
16,27,1,26.845683,-0.650000,0.208008,2026-08-23 13:45:46
16,27,1,26.775702,-0.050000,0.208008,2026-08-23 13:45:48
16,27,1,26.774743,0.350000,0.208008,2026-08-23 13:45:51
16,27,2,27.642076,-0.950000,0.208008,2026-08-23 13:45:55
16,27,2,27.638754,-0.350000,0.208008,2026-08-23 13:45:58
16,27,2,27.636613,0.250000,0.208008,2026-08-23 13:46:00
16,27,2,27.633882,1.100000,0.208008,2026-08-23 13:46:03
16,27,2,27.629157,2.750000,0.208008,2026-08-23 13:46:06
16,27,2,27.624581,4.250000,0.208008,2026-08-23 13:46:09
17,28,1,28.602793,-0.950000,0.208008,2026-08-23 13:46:13
17,28,1,28.485200,-0.350000,0.208008,2026-08-23 13:46:16
17,28,1,28.477670,0.250000,0.208008,2026-08-23 13:46:18
17,28,1,28.480845,1.100000,0.208008,2026-08-23 13:46:21
17,28,1,28.479073,2.750000,0.208008,2026-08-23 13:46:24
17,28,1,28.477080,4.250000,0.208008,2026-08-23 13:46:27
17,28,1,28.610692,-1.050000,0.208008,2026-08-23 13:46:32
17,28,1,28.585594,-0.650000,0.208008,2026-08-23 13:46:35
17,28,1,28.479221,-0.050000,0.208008,2026-08-23 13:46:37
17,28,1,28.476932,0.350000,0.208008,2026-08-23 13:46:40
17,28,2,29.345446,-0.950000,0.208008,2026-08-23 13:46:44
17,28,2,29.346480,-0.350000,0.208008,2026-08-23 13:46:47
17,28,2,29.348694,0.250000,0.208008,2026-08-23 13:46:49
17,28,2,28.967641,1.100000,0.208008,2026-08-23 13:46:53
17,28,2,28.966682,2.750000,0.208008,2026-08-23 13:46:56
17,28,2,28.974802,4.250000,0.208008,2026-08-23 13:47:00
18,30,1,30.247183,-0.950000,0.208008,2026-08-23 13:47:04
18,30,1,30.180008,-0.350000,0.208008,2026-08-23 13:47:07
18,30,1,30.179565,0.250000,0.208008,2026-08-23 13:47:09
18,30,1,30.357025,1.100000,0.208008,2026-08-23 13:47:12
18,30,1,30.348684,2.750000,0.208008,2026-08-23 13:47:15
18,30,1,30.342631,4.250000,0.208008,2026-08-23 13:47:19
18,30,1,30.258329,-1.050000,0.208008,2026-08-23 13:47:24
18,30,1,30.191080,-0.650000,0.208008,2026-08-23 13:47:26
18,30,1,30.181853,-0.050000,0.208008,2026-08-23 13:47:29
18,30,1,30.181853,0.350000,0.208008,2026-08-23 13:47:31
18,30,2,31.037006,-0.950000,0.208008,2026-08-23 13:47:36
18,30,2,31.033389,-0.350000,0.208008,2026-08-23 13:47:38
18,30,2,31.037523,0.250000,0.208008,2026-08-23 13:47:41
18,30,2,30.866042,1.100000,0.208008,2026-08-23 13:47:44
18,30,2,30.849801,2.750000,0.208008,2026-08-23 13:47:47
18,30,2,30.837400,4.250000,0.208008,2026-08-23 13:47:51
19,32,1,31.926858,-0.950000,0.208008,2026-08-23 13:47:55
19,32,1,31.881680,-0.350000,0.208008,2026-08-23 13:47:57
19,32,1,31.880868,0.250000,0.208008,2026-08-23 13:48:00
19,32,1,32.241990,1.100000,0.208008,2026-08-23 13:48:03
19,32,1,32.224864,2.750000,0.208008,2026-08-23 13:48:07
19,32,1,32.211872,4.250000,0.208008,2026-08-23 13:48:10
19,32,1,31.933649,-1.050000,0.208008,2026-08-23 13:48:16
19,32,1,31.897847,-0.650000,0.208008,2026-08-23 13:48:18
19,32,1,31.881754,-0.050000,0.208008,2026-08-23 13:48:20
19,32,1,31.881754,0.350000,0.208008,2026-08-23 13:48:23
19,32,2,32.748201,-0.950000,0.208008,2026-08-23 13:48:27
19,32,2,32.742517,-0.350000,0.208008,2026-08-23 13:48:30
19,32,2,32.739565,0.250000,0.208008,2026-08-23 13:48:32
19,32,2,32.733733,1.100000,0.208008,2026-08-23 13:48:35
19,32,2,32.723989,2.750000,0.208008,2026-08-23 13:48:38
19,32,2,32.712842,4.250000,0.208008,2026-08-23 13:48:42
20,33,1,33.675774,-0.950000,0.208008,2026-08-23 13:48:45
20,33,1,33.579958,-0.350000,0.208008,2026-08-23 13:48:48
20,33,1,33.577964,0.250000,0.208008,2026-08-23 13:48:50
20,33,1,33.578186,1.100000,0.208008,2026-08-23 13:48:53
20,33,1,33.579662,2.750000,0.208008,2026-08-23 13:48:56
20,33,1,33.577595,4.250000,0.208008,2026-08-23 13:48:59
20,33,1,33.695115,-1.050000,0.208008,2026-08-23 13:49:04
20,33,1,33.638865,-0.650000,0.208008,2026-08-23 13:49:07
20,33,1,33.579072,-0.050000,0.208008,2026-08-23 13:49:09
20,33,1,33.577669,0.350000,0.208008,2026-08-23 13:49:12
20,33,2,34.433487,-0.950000,0.208008,2026-08-23 13:49:16
20,33,2,34.435627,-0.350000,0.208008,2026-08-23 13:49:19
20,33,2,34.440130,0.250000,0.208008,2026-08-23 13:49:21
20,33,2,34.058413,1.100000,0.208008,2026-08-23 13:49:25
20,33,2,34.052360,2.750000,0.208008,2026-08-23 13:49:29
20,33,2,34.048447,4.250000,0.208008,2026-08-23 13:49:32
21,35,1,35.378185,-0.950000,0.208008,2026-08-23 13:49:36
21,35,1,35.280228,-0.350000,0.208008,2026-08-23 13:49:39
21,35,1,35.280892,0.250000,0.208008,2026-08-23 13:49:41
21,35,1,35.418048,1.100000,0.208008,2026-08-23 13:49:44
21,35,1,35.401365,2.750000,0.208008,2026-08-23 13:49:47
21,35,1,35.385420,4.250000,0.208008,2026-08-23 13:49:51
21,35,1,35.385567,-1.050000,0.208008,2026-08-23 13:49:56
21,35,1,35.319721,-0.650000,0.208008,2026-08-23 13:49:58
21,35,1,35.282369,-0.050000,0.208008,2026-08-23 13:50:01
21,35,1,35.281999,0.350000,0.208008,2026-08-23 13:50:03
21,35,2,36.125120,-0.950000,0.208008,2026-08-23 13:50:08
21,35,2,36.124308,-0.350000,0.208008,2026-08-23 13:50:10
21,35,2,36.124086,0.250000,0.208008,2026-08-23 13:50:13
21,35,2,35.873988,1.100000,0.208008,2026-08-23 13:50:16
21,35,2,35.863432,2.750000,0.208008,2026-08-23 13:50:20
21,35,2,35.858560,4.250000,0.208008,2026-08-23 13:50:23
22,37,1,36.982565,-0.950000,0.208008,2026-08-23 13:50:27
22,37,1,36.976438,-0.350000,0.208008,2026-08-23 13:50:30
22,37,1,36.977250,0.250000,0.208008,2026-08-23 13:50:32
22,37,1,37.238052,1.100000,0.208008,2026-08-23 13:50:35
22,37,1,37.225060,2.750000,0.208008,2026-08-23 13:50:39
22,37,1,37.215168,4.250000,0.208008,2026-08-23 13:50:42
22,37,2,37.838087,-0.950000,0.208008,2026-08-23 13:50:47
22,37,2,37.837792,-0.350000,0.208008,2026-08-23 13:50:50
22,37,2,37.839563,0.250000,0.208008,2026-08-23 13:50:52
22,37,2,37.712743,1.100000,0.208008,2026-08-23 13:50:55
22,37,2,37.696650,2.750000,0.208008,2026-08-23 13:50:59
22,37,2,37.686980,4.250000,0.208008,2026-08-23 13:51:02
23,39,1,38.775552,-0.950000,0.208008,2026-08-23 13:51:06
23,39,1,38.685124,-0.350000,0.208008,2026-08-23 13:51:08
23,39,1,38.676930,0.250000,0.208008,2026-08-23 13:51:11
23,39,1,39.069129,1.100000,0.208008,2026-08-23 13:51:14
23,39,1,39.044769,2.750000,0.208008,2026-08-23 13:51:18
23,39,1,39.026019,4.250000,0.208008,2026-08-23 13:51:22
23,39,1,38.783967,-1.050000,0.208008,2026-08-23 13:51:27
23,39,1,38.735911,-0.650000,0.208008,2026-08-23 13:51:30
23,39,1,38.679587,-0.050000,0.208008,2026-08-23 13:51:32
23,39,1,38.675601,0.350000,0.208008,2026-08-23 13:51:34
23,39,2,39.550537,-0.950000,0.208008,2026-08-23 13:51:39
23,39,2,39.545739,-0.350000,0.208008,2026-08-23 13:51:41
23,39,2,39.542786,0.250000,0.208008,2026-08-23 13:51:44
23,39,2,39.534076,1.100000,0.208008,2026-08-23 13:51:47
23,39,2,39.517983,2.750000,0.208008,2026-08-23 13:51:50
23,39,2,39.504179,4.250000,0.208008,2026-08-23 13:51:53
24,40,1,40.475600,-0.950000,0.208008,2026-08-23 13:51:57
24,40,1,40.388199,-0.350000,0.208008,2026-08-23 13:51:59
24,40,1,40.383327,0.250000,0.208008,2026-08-23 13:52:02
24,40,1,40.379193,1.100000,0.208008,2026-08-23 13:52:04
24,40,1,40.379488,2.750000,0.208008,2026-08-23 13:52:07
24,40,1,40.375576,4.250000,0.208008,2026-08-23 13:52:10
24,40,1,40.483204,-1.050000,0.208008,2026-08-23 13:52:16
24,40,1,40.445187,-0.650000,0.208008,2026-08-23 13:52:18
24,40,1,40.387756,-0.050000,0.208008,2026-08-23 13:52:21
24,40,1,40.384582,0.350000,0.208008,2026-08-23 13:52:23
24,40,2,41.242540,-0.950000,0.208008,2026-08-23 13:52:27
24,40,2,41.248667,-0.350000,0.208008,2026-08-23 13:52:30
24,40,2,41.251989,0.250000,0.208008,2026-08-23 13:52:33
24,40,2,40.874627,1.100000,0.208008,2026-08-23 13:52:36
24,40,2,40.873446,2.750000,0.208008,2026-08-23 13:52:40
24,40,2,40.862373,4.250000,0.208008,2026-08-23 13:52:44
25,42,1,42.231087,-0.950000,0.208008,2026-08-23 13:52:48
25,42,1,42.080571,-0.350000,0.208008,2026-08-23 13:52:50
25,42,1,42.159040,0.250000,0.208008,2026-08-23 13:52:53
25,42,1,42.256112,1.100000,0.208008,2026-08-23 13:52:56
25,42,1,42.247032,2.750000,0.208008,2026-08-23 13:52:59
25,42,1,42.247254,4.250000,0.208008,2026-08-23 13:53:02
25,42,1,42.240758,-1.050000,0.208008,2026-08-23 13:53:08
25,42,1,42.205620,-0.650000,0.208008,2026-08-23 13:53:10
25,42,1,42.081825,-0.050000,0.208008,2026-08-23 13:53:13
25,42,1,42.190339,0.350000,0.208008,2026-08-23 13:53:15
25,42,2,42.936979,-0.950000,0.208008,2026-08-23 13:53:20
25,42,2,42.932033,-0.350000,0.208008,2026-08-23 13:53:22
25,42,2,42.932402,0.250000,0.208008,2026-08-23 13:53:25
25,42,2,42.766974,1.100000,0.208008,2026-08-23 13:53:28
25,42,2,42.760994,2.750000,0.208008,2026-08-23 13:53:32
25,42,2,42.748740,4.250000,0.208008,2026-08-23 13:53:35
26,44,1,43.825501,-0.950000,0.208008,2026-08-23 13:53:39
26,44,1,43.781284,-0.350000,0.208008,2026-08-23 13:53:41
26,44,1,43.778848,0.250000,0.208008,2026-08-23 13:53:44
26,44,1,44.127273,1.100000,0.208008,2026-08-23 13:53:47
26,44,1,44.109925,2.750000,0.208008,2026-08-23 13:53:51
26,44,1,44.092726,4.250000,0.208008,2026-08-23 13:53:54
26,44,1,43.827716,-1.050000,0.208008,2026-08-23 13:54:00
26,44,1,43.807416,-0.650000,0.208008,2026-08-23 13:54:02
26,44,1,43.777814,-0.050000,0.208008,2026-08-23 13:54:04
26,44,1,43.779512,0.350000,0.208008,2026-08-23 13:54:07
26,44,2,44.639906,-0.950000,0.208008,2026-08-23 13:54:11
26,44,2,44.629202,-0.350000,0.208008,2026-08-23 13:54:14
26,44,2,44.629055,0.250000,0.208008,2026-08-23 13:54:16
26,44,2,44.626397,1.100000,0.208008,2026-08-23 13:54:19
26,44,2,44.617834,2.750000,0.208008,2026-08-23 13:54:22
26,44,2,44.607057,4.250000,0.208008,2026-08-23 13:54:26
6,9,4,10.443569,0.453818,0.208008,2026-08-23 13:54:37
9,15,4,15.088476,0.432410,0.208008,2026-08-23 13:54:42
13,21,4,22.346715,0.423552,0.208008,2026-08-23 13:54:48
17,28,4,29.160124,0.426579,0.208008,2026-08-23 13:54:53
20,33,4,34.245950,0.424881,0.208008,2026-08-23 13:54:59
24,40,4,41.058583,0.454925,0.208008,2026-08-23 13:55:04
